-- Вставка данных в таблицу products
INSERT INTO products (product_id, product_name, price)
VALUES
    (1, 'Испорченный телефон', 5000.0),
    (2, 'Сарафанное радио', 3500.0),
    (3, 'Патефон', 6800.0);

-- Вставка данных в таблицу shops
INSERT INTO shops (shop_id, shop_name)
VALUES
    (1, 'sitilink'),
    (2, 'mvideo'),
    (3, 'dns');

INSERT INTO sales (product_id, shop_id, date_sales, sales_cnt)
VALUES
    (1, 1, '2023-09-15', 10),
    (2, 2, '2023-09-10', 5),
    (3, 3, '2023-09-20', 8),
    (1, 2, '2023-09-16', 12),
    (2, 1, '2023-09-11', 6),
    (3, 2, '2023-09-21', 9),
    (1, 3, '2023-09-17', 14),
    (2, 3, '2023-09-12', 7),
    (3, 1, '2023-09-22', 10),
    (1, 1, '2023-09-18', 11),
    (2, 2, '2023-09-13', 4),
    (3, 3, '2023-09-23', 7),
    (1, 2, '2023-09-19', 9),
    (2, 3, '2023-09-14', 6),
    (3, 1, '2023-09-24', 12),
    (1, 1, '2023-10-25', 8),
    (2, 2, '2023-10-30', 11),
    (3, 3, '2023-10-26', 13),
    (1, 2, '2023-10-27', 5),
    (2, 1, '2023-10-29', 7),
    (3, 1, '2023-10-28', 9),
    (1, 3, '2023-10-30', 10),
    (2, 3, '2023-10-19', 8),
    (3, 1, '2023-10-18', 11),
    (1, 1, '2023-10-17', 6),
    (2, 2, '2023-10-16', 12),
    (3, 3, '2023-10-15', 7),
    (1, 2, '2023-10-14', 9),
    (2, 1, '2023-10-13', 8),
    (3, 1, '2023-10-12', 10);

    INSERT INTO plan (product_id, shop_id, plan_date, plan_cnt)
VALUES
    (1, 1, '2023-09-30', 15),
    (1, 2, '2023-09-30', 30),
    (1, 3, '2023-09-30', 49),
    (2, 1, '2023-09-30', 10),
    (2, 2, '2023-09-30', 20),
    (2, 3, '2023-09-30', 40),
    (3, 1, '2023-09-30', 32),
    (3, 2, '2023-09-30', 15),
    (3, 3, '2023-09-30', 20),
    (1, 1, '2023-10-31', 15),
    (1, 2, '2023-10-31', 30),
    (1, 3, '2023-10-31', 49),
    (2, 1, '2023-10-31', 10),
    (2, 2, '2023-10-31', 20),
    (2, 3, '2023-10-31', 40),
    (3, 1, '2023-10-31', 32),
    (3, 2, '2023-10-31', 15),
    (3, 3, '2023-10-31', 20)
    ;

INSERT INTO promo (product_id, shop_id, promo_date, discount)
VALUES
    (1, 1, '2023-09-15', 0.2),
    (2, 1, '2023-09-11', 0.3),
    (2, 3, '2023-09-12', 0.2),
    (2, 2, '2023-09-13', 0.3),
    (2, 3, '2023-09-14', 0.2),
    (2, 2, '2023-10-30', 0.3),
    (2, 1, '2023-10-29', 0.2),
    (2, 3, '2023-10-19', 0.2),
    (2, 2, '2023-10-16', 0.3),
    (2, 1, '2023-10-13', 0.2),
    (3, 1, '2023-10-12', 0.2);